% Time (s),"Dependent variable c Sink Flux","Dependent variable c Source Flux","Dependent variable p (m^2) Total Concentration"
0,0,0,0
1.0E-7,0,0,0
2.0E-7,0,0,0
4.0E-7,0,0,0
8.0E-7,0,0,0
1.6E-6,0,0,0
3.2E-6,0,0,0
6.4E-6,0,0,0
1.28E-5,0,0,0
2.56E-5,0,0,0
5.12E-5,0,0,0
1.024E-4,0,0,0
2.048E-4,0,0,0
4.096E-4,0,0,0
8.192E-4,0,0,0
0.0016384,0,0,0
0.0032768,0,0,0
0.0065536,0,0,0
0.0131072,0,0,0
0.0262144,0,0,0
0.0524288,0,0,0
0.1048576,0,0,0
0.2097152,2.8231994257621506E-33,4.558095759938908E-8,4.409605315323886E-9
0.4194304,1.7884012584578626E-23,3.6726883582828905E-7,6.973232062221767E-8
0.60817408,-2.453165324682441E-23,6.567879262342982E-7,1.6823053946536796E-7
0.9856614399999999,9.158680660570582E-18,1.2358261070463188E-6,4.875147494462964E-7
1.3631487999999998,1.369681685767904E-16,1.8148642878583384E-6,9.006237982217126E-7
1.7406361599999998,1.0621343412838496E-15,2.3939024686703602E-6,1.3857954946106312E-6
2.4956108799999996,2.1024425597724394E-13,3.551978830294399E-6,2.535848406900196E-6
3.2505855999999995,1.5112598383257648E-12,4.8728214727080155E-6,3.874552779690292E-6
3.3878482316967067,1.7900554129086657E-12,5.589746051625653E-6,4.182531557961215E-6
3.4921909163992146,2.0285249168398503E-12,6.2045004702652E-6,4.457321693456527E-6
3.578941766655913,2.2463895498917353E-12,6.766772717110774E-6,4.715962356446543E-6
3.6570175318869413,2.462435662854335E-12,7.316254943751409E-6,4.976358001465939E-6
3.727285720594867,2.6728769422596914E-12,7.84883688467854E-6,5.233623278277707E-6
3.790527090432,2.8760318499713626E-12,8.361228481592566E-6,5.484731178547713E-6
3.84744432328542,3.070613515978365E-12,8.850919019976297E-6,5.727372485178037E-6
3.898669832853498,3.2556938392017816E-12,9.316113853377488E-6,5.959848088024251E-6
3.9447727914647683,3.4314987564469784E-12,9.755657428762187E-6,6.181619830853703E-6
3.9862654542149114,3.5970543246250472E-12,1.0168949718630045E-5,6.391375193179321E-6
4.0236088506900405,3.752185517614299E-12,1.0555861544981901E-5,6.588648795198816E-6
4.057217907517656,3.896911566936863E-12,1.0916652787646841E-5,6.773274928180706E-6
4.0874660586625104,4.031406157116398E-12,1.1251896181065795E-5,6.945324342038407E-6
4.1146893946928795,4.156266093605475E-12,1.1562408348490029E-5,7.105346567575785E-6
4.1391903971202115,4.271630487582421E-12,1.1849188898504589E-5,7.2534787957770896E-6
4.1636913995475435,4.390250461705694E-12,1.2143082191130179E-5,7.406048939841478E-6
4.185742301732143,4.499375576736307E-12,1.2413813253320865E-5,7.54662289202471E-6
4.207793203916742,4.61142557755098E-12,1.269058008462982E-5,7.69115158406651E-6
4.227639015882881,4.7141139585401316E-12,1.2944941962863255E-5,7.82377925684567E-6
4.24748482784902,4.819420151548326E-12,1.3204401929465673E-5,7.959920037401825E-6
4.265346058618545,4.915607100700242E-12,1.344235916801568E-5,8.08441670209564E-6
4.28320728938807,5.014126170932523E-12,1.3684604491105607E-5,8.212021910152412E-6
4.301068520157595,5.114430566661637E-12,1.3931215166071025E-5,8.342060147242908E-6
4.31892975092712,5.215791818126627E-12,1.4182269852327913E-5,8.473562293478902E-6
4.3367909816966455,5.318791614241702E-12,1.4437848626445468E-5,8.607321520165707E-6
4.354652212466171,5.423645593381363E-12,1.469803300767015E-5,8.743632748581403E-6
4.390374674005221,5.639343691625224E-12,1.5232552038181939E-5,9.0244846400799E-6
4.426097135544271,5.8632194095402005E-12,1.5786508950515173E-5,9.316558228066376E-6
4.497542058622371,6.337162320009896E-12,1.695558932425153E-5,9.936506694416523E-6
4.568986981700471,6.84771561014121E-12,1.8211242536475786E-5,1.0606410188402895E-5
4.640431904778571,7.397418439599576E-12,1.955987884387073E-5,1.1329642785204408E-5
4.7118768278566705,7.98902000300903E-12,2.1008383049736454E-5,1.2109912536068045E-5
4.78332175093477,8.624908881486769E-12,2.2564149619171554E-5,1.2950532775797358E-5
4.886848481161651,9.631849265405767E-12,2.5025180753746597E-5,1.4285449860066802E-5
4.990375211388531,1.0749287859294398E-11,2.775461235454065E-5,1.577185285788513E-5
5.093901941615411,1.1988344326905309E-11,3.078171167464034E-5,1.74259042991862E-5
5.1974286718422915,1.3361053581757996E-11,3.413893631698836E-5,1.926553797152276E-5
5.300955402069172,1.4880407311708765E-11,3.7862281765815735E-5,2.1310637891186085E-5
5.404482132296052,1.65603590307597E-11,4.1991666720036186E-5,2.3583159243041067E-5
5.611535592749813,2.0463526974674883E-11,5.165045586201391E-5,2.891170450819361E-5
5.7978837071581975,2.4688322506944212E-11,6.222887179244623E-5,3.4760475837608064E-5
5.984231821566582,2.970163296896928E-11,7.497339874691358E-5,4.181736784189002E-5
6.170579935974967,3.562620117646217E-11,9.032739025986192E-5,5.032814338457666E-5
6.356928050383352,4.259716472400617E-11,1.0882485633740532E-4,6.0589180423744696E-5
6.543276164791736,5.0761467740238264E-11,1.3110896110906726E-4,7.295765779618795E-5
6.729624279200121,6.027675539715562E-11,1.5795427683138298E-4,8.786398609870117E-5
6.915972393608506,7.13099545532789E-11,1.9029354894280147E-4,1.0582488037703991E-4
7.1023205080168905,8.403451901966333E-11,2.2924987481866234E-4,1.27465142720789E-4
7.288668622425275,9.862793249914765E-11,2.7617537414507086E-4,1.5353748890814704E-4
7.47501673683366,1.1526847801099917E-10,3.326976356808878E-4,1.849487983090359E-4
7.661364851242045,1.3413280693687098E-10,4.0077546814482615E-4,2.2278974767896747E-4
7.847712965650429,1.55394178647452E-10,4.8276576665880156E-4,2.6837314919201456E-4
8.034061080058814,1.7922337170277303E-10,5.815036349187409E-4,3.232789291680698E-4
8.220409194467198,2.057933680344804E-10,7.003982804832475E-4,3.894088020824258E-4
8.406757308875582,2.352904234475775E-10,8.435476278684551E-4,4.6905067064931987E-4
8.593105423283966,2.679334857988408E-10,0.0010158750698172649,5.649561888572738E-4
8.77945353769235,3.040042779046831E-10,0.001223292293971149,6.804332398911941E-4
8.965801652100733,3.438891687818474E-10,0.0014728926642257744,8.194568115640744E-4
9.152149766509117,3.881327960282692E-10,0.001773180173733514,9.868009270069572E-4
9.338497880917501,4.375017597752719E-10,0.0021343394697808044,0.0011881956021620483
9.524845995325885,4.930553229249839E-10,0.0025685527992950494,0.001430512732098034
9.711194109734269,5.56219993028708E-10,0.0030903698132516183,0.0017219857667210043
9.897542224142653,6.28865727944193E-10,0.003717135811795788,0.002072468046267456
10.083890338551036,7.133843444887988E-10,0.0044694829347281684,0.002493735080425882
10.27023845295942,8.127731599352419E-10,0.0053718866090021215,0.002999835734377761
10.456586567367804,9.30729440203884E-10,0.006453285699886459,0.0036074968162954847
10.642934681776188,1.0717612767638343E-9,0.0077477585106380635,0.004336584066907106
10.829282796184572,1.241320331667637E-9,0.00929523701331419,0.005210620045231866
11.015630910592956,1.4459610830834604E-9,0.01114222714658163,0.006257355018737546
11.20197902500134,1.6935332328784437E-9,0.013342482048837279,0.007509380216553637
11.388327139409723,1.993417193262193E-9,0.015957545817246694,0.009004762587838434
11.574675253818107,2.3568168512072494E-9,0.019057045849738677,0.01078766551435587
11.76102336822649,2.7971248397257487E-9,0.022718560476217405,0.012908899364543112
11.947371482634875,3.3303738573357077E-9,0.027026825075971043,0.01542631812618879
12.133719597043259,3.975784670568279E-9,0.03207196651093675,0.0184049426036795
12.320067711451642,4.756423404211243E-9,0.03794637961975237,0.02191664681796674
12.506415825860026,5.6999892692527045E-9,0.04473979575292118,0.026039194125742588
12.69276394026841,6.8398428570602114E-9,0.05253206848188577,0.030854271026972337
12.879112054676794,8.216108288853522E-9,0.061383257137251804,0.03644435741572478
13.065460169085178,9.876973928639269E-9,0.07132078174671798,0.04288834644769027
13.251808283493562,1.1880448786173165E-8,0.08232382004412467,0.050254974587242
13.438156397901945,1.429639559867676E-8,0.0943057772436061,0.05859432042687514
13.62450451231033,1.7208950668563207E-8,0.10709659772009988,0.06792742234392171
13.810852626718713,2.0718978007708266E-8,0.12042782388125908,0.07823593905811241
13.997200741127097,2.494836104299507E-8,0.13392440587277332,0.08944684292147058
14.18354885553548,3.004376596119363E-8,0.14710790527832177,0.10142265776386317
14.369896969943865,3.618194461325744E-8,0.15941536063417408,0.11395366354057826
14.556245084352248,4.357527514538282E-8,0.17023618483762423,0.12675743994735922
14.742593198760632,5.2479233936499976E-8,0.17896589913897154,0.13948467265681053
14.928941313169016,6.320076886367976E-8,0.1850708210011988,0.1517350982734675
15.1152894275774,7.610885360819536E-8,0.18815336074435066,0.16308218341689262
15.301637541985784,9.164655616079105E-8,0.18800515382332836,0.17310560581974477
15.487985656394168,1.1034575664049879E-7,0.18463633508727764,0.18142631651048502
15.674333770802551,1.3284420267885444E-7,0.17827409286922505,0.18773938185042302
15.860681885210935,1.5990597133426088E-7,0.16933084829198478,0.19183892651309747
16.04702999961932,1.9244531614339835E-7,0.15834949045840913,0.19363190478574624
16.233378114027705,2.315548609636649E-7,0.14593762212849667,0.19313909253894626
16.386759377731675,2.695873305689961E-7,0.13507900759211333,0.19110429464087852
16.540140641435645,3.138053271647598E-7,0.12397897162103895,0.18771503473479825
16.693521905139615,3.651872136172702E-7,0.11291404954103801,0.18311463156539515
16.846903168843586,4.2485972326892455E-7,0.10211442303577932,0.17746618907856748
17.000284432547556,4.941244217459363E-7,0.09176089301610114,0.17094127811790522
17.153665696251526,5.74465195737852E-7,0.0819860420182145,0.16371646580287388
17.307046959955496,6.67572883745517E-7,0.07287837471986232,0.15596510125123614
17.460428223659466,7.753818008463902E-7,0.06448825600402558,0.14784769498023434
17.613809487363437,9.000867639889052E-7,0.056834642377176246,0.13951074467238173
17.75185262469701,1.0288063457372344E-6,0.05057180583530834,0.13192867951458984
17.88989576203058,1.1752314250532751E-6,0.04488410175445631,0.12435912557251919
18.027938899364152,1.3415875454969496E-6,0.03974571099449832,0.11687467385305479
18.165982036697724,1.5303261771567479E-6,0.03512485331025424,0.10953614794320046
18.304025174031295,1.7441251843013487E-6,0.03098609096297533,0.10239355272145162
18.442068311364867,1.985896525517601E-6,0.027292166585788577,0.09548688362938534
18.58011144869844,2.258803853264206E-6,0.024005422097929885,0.08884606260397283
18.71815458603201,2.5662053646697672E-6,0.021088855589682813,0.08249356750703575
18.856197723365582,2.9116025358328407E-6,0.018506875539713745,0.0764462524675517
18.994240860699154,3.298660885986913E-6,0.016225809197219384,0.07071408290812187
19.132283998032726,3.731150729068122E-6,0.014214216559152238,0.06530167436943775
19.270327135366298,4.212888405881812E-6,0.012443054609438415,0.06020889395204822
19.40837027269987,4.747679831120888E-6,0.010885729382158343,0.05543264981749594
19.54641341003344,5.339174579265689E-6,0.00951806660019747,0.05096579204646954
19.684456547367013,5.990842189732558E-6,0.008318225480201785,0.04679912759203658
19.822499684700585,6.705685007453876E-6,0.007266574945202371,0.04292123861715901
19.960542822034157,7.486283240245544E-6,0.006345546983533704,0.039320140814424205
20.09858595936773,8.334382528465625E-6,0.005539478196492661,0.03598264816289161
20.2366290967013,9.250927994947328E-6,0.004834447606844729,0.03289534404196129
20.374672234034872,1.023567730333259E-5,0.00421811645784577,0.03004453117074649
20.512715371368444,1.1287510678650264E-5,0.003679573917389852,0.02741642579728979
20.650758508702015,1.2403886191638584E-5,0.0032091912195707376,0.02499727905074563
20.788801646035587,1.3580903250509568E-5,0.0027984857419002516,0.022773572244311417
20.92684478336916,1.4813098772711036E-5,0.0024399957580416697,0.020732142267012175
21.06488792070273,1.6093798022192903E-5,0.0021271660624444725,0.01886019204328154
21.202931058036302,1.7414268324249263E-5,0.0018542442849774274,0.01714559660116343
21.340974195369874,1.876443719698248E-5,0.001616187460546183,0.015576739339079293
21.479017332703446,2.0132465418654496E-5,0.0014085782590474525,0.014142697980101834
21.617060470037018,2.1505586644292865E-5,0.001227550190061748,0.01283306628135736
21.75510360737059,2.2869763381390328E-5,0.0010697210552640347,0.011638123637387119
21.89314674470416,2.4210459537960907E-5,9.321339150069446E-4,0.010548674329202081
22.031189882037733,2.5512398806458356E-5,8.122048528608452E-4,0.009556246647950089
22.169233019371305,2.676054142624495E-5,7.076768548437657E-4,0.008652900329897647
22.307276156704877,2.7939969903900576E-5,6.165791625829313E-4,0.007831145258086156
22.44531929403845,2.9036377343163522E-5,5.371915073293365E-4,0.007084071610345441
22.58336243137202,3.0036263099014192E-5,4.6801268147713705E-4,0.006405284810798821
22.721405568705592,3.092736084945551E-5,4.0773295385602656E-4,0.0057888977386243295
22.859448706039164,3.169851799506741E-5,3.5520988311370065E-4,0.005229392263075381
22.997491843372735,3.2340869317945664E-5,3.0944712905825174E-4,0.0047218539083281495
23.135534980706307,3.284778998221325E-5,2.69575904338919E-4,0.004261771230325932
23.27357811803988,3.321411809016456E-5,2.3483874803305465E-4,0.003844891554060098
23.549664392707026,3.351836740168735E-5,1.782100952447247E-4,0.0031259336488496485
23.798142039907457,3.330557626139574E-5,1.390160718034745E-4,0.0025910437364595742
24.04661968710789,3.265186709894164E-5,1.0843956924060537E-4,0.0021444347552382744
24.29509733430832,3.159922888723753E-5,8.458684027651005E-5,0.0017720118387034715
24.54357498150875,3.0206005548139166E-5,6.597991828875256E-5,0.001462142779053584
24.792052628709182,2.853863907382835E-5,5.146547995701207E-5,0.0012048753126022971
25.040530275909614,2.6665756343056727E-5,4.014362635488134E-5,9.91605525105566E-4
25.289007923110045,2.465462934572312E-5,3.131225218592681E-5,8.150047455945523E-4
25.537485570310476,2.2567722921560338E-5,2.442360524102768E-5,6.690945304971628E-4
25.761115452790865,2.067216875988481E-5,1.952963768824216E-5,5.596740980638304E-4
25.984745335271253,1.8798713139381595E-5,1.5616275820068412E-5,4.67615880869571E-4
26.20837521775164,1.697802993507692E-5,1.2487050044860968E-5,3.902485017425237E-4
26.43200510023203,1.5234384997599622E-5,9.984849220461402E-6,3.253310567696756E-4
26.655634982712417,1.3586122746701212E-5,7.984037942384527E-6,2.709404776064875E-4
26.879264865192805,1.2046181914065357E-5,6.384151894555821E-6,2.254235167024944E-4
27.102894747673194,1.0622637439985207E-5,5.104855593695976E-6,1.8737183877174336E-4
27.326524630153582,9.319309619702554E-6,4.442161739467298E-6,1.5547035750514956E-4
27.55015451263397,8.13596471343125E-6,4.1058121907633885E-6,1.2901678161190785E-4
27.859973158484458,6.687734579753433E-6,3.639830808686666E-6,9.9313858004507E-5
28.169791804334945,5.449625903543486E-6,3.1738494266099365E-6,7.635242987061627E-5
28.479610450185433,4.4047729565276646E-6,2.707868044533213E-6,5.867858348734176E-5
28.758447231450873,3.614445414039367E-6,2.2884848006641536E-6,4.634339244593977E-5
29.00940033458977,3.010926394544638E-6,1.911039881182004E-6,3.7494265734688374E-5
29.235258127414777,2.54577582198703E-6,1.5713394536480702E-6,3.0994243534046765E-5
29.438530140957283,2.1835532532107836E-6,1.2656090688675287E-6,2.6112978267930557E-5
29.64180215449979,1.8679859238436453E-6,9.598786840869874E-7,2.196791714867048E-5
29.824746966688046,1.620664406375737E-6,6.847213377844956E-7,1.8790275331154172E-5
30.007691778876303,1.4033203397374343E-6,4.0956399148200833E-7,1.6034523332519697E-5
30.172342109845733,1.2315847567273965E-6,1.6192237980976928E-7,1.3879655547248697E-5
30.336992440815163,1.0797855762921586E-6,0,1.199163019591359E-5
30.501642771784592,9.452465799793783E-7,0,1.034713345053401E-5
30.66629310275402,8.265958093413478E-7,0,8.92172457764574E-6
30.83094343372345,7.225547033910125E-7,0,7.69618736496E-6
31.05648738916414,6.004382332917353E-7,0,6.289141562719009E-6
31.282031344604828,4.985011941665225E-7,0,5.142674142598737E-6
31.507575300045517,4.1336769880618263E-7,0,4.205488126598535E-6
31.733119255486205,3.423787745180806E-7,0,3.4389025889660422E-6
31.958663210926893,2.8322969979419307E-7,0,2.8110848166382216E-6
32.184207166367585,2.340387082912507E-7,0,2.2971643820783276E-6
32.40975112180828,1.931322485803685E-7,0,1.8757237938504508E-6
32.63529507724897,1.5917645929126966E-7,0,1.5304983039519256E-6
32.86083903268966,1.3101638139871068E-7,0,1.247763661543927E-6
33.08638298813035,1.077418115527336E-7,0,1.0170289133900683E-6
33.311926943571045,8.851491131333014E-8,0,8.286541438590792E-7
33.53747089901174,7.266410266100342E-8,0,6.750712004342064E-7
33.74046045890836,6.08197769021781E-8,0,5.61446432381748E-7
33.94345001880498,5.090317867881733E-8,0,4.671414540320519E-7
34.1464395787016,4.2595265857493566E-8,0,3.8873503198572453E-7
34.349429138598225,3.5627268316825763E-8,0,3.2339937637343206E-7
34.53211974250518,3.0324861799562766E-8,0,2.739569772401788E-7
34.714810346412136,2.5806265776899603E-8,0,2.3203085780094623E-7
34.89750095031909,2.195926077152177E-8,0,1.9649999595530197E-7
35.08019155422605,1.8686121464336002E-8,0,1.6639632854741543E-7
35.262882158133,1.5902486572568175E-8,0,1.408924547889541E-7
35.44557276203996,1.3534608300748862E-8,0,1.1927204417892606E-7
35.628263365946914,1.1520991953312353E-8,0,1.0094574531155097E-7
35.81095396985387,9.809388576650218E-9,0,8.54184371724193E-8
35.993644573760825,8.354993743926059E-9,0,7.226921510553419E-8
36.17633517766778,7.1190967373118255E-9,0,6.11366583316468E-8
36.359025781574736,6.068449085377176E-9,0,5.171189736840544E-8
36.724406989388655,4.412877192600928E-9,0,3.6967198233210325E-8
37.08978819720257,3.209978865196798E-9,0,2.6389540885101588E-8
37.45516940501649,2.333648163966407E-9,0,1.8812144168689668E-8
37.784012492049015,1.7501364055498897E-9,0,1.3864925460332286E-8
38.11285557908154,1.3105511836482638E-9,0,1.0213337464458061E-8
38.40881435741081,1.0086031319258606E-9,0,7.75443305197725E-9
38.70477313574008,7.746344323515065E-10,0,5.883926813741249E-9
39.000731914069355,5.935513418101862E-10,0,4.46198895547904E-9
39.29669069239863,4.5358120348398684E-10,0,3.3818561757758567E-9
39.5926494707279,3.4562998938528903E-10,0,2.5624617046157844E-9
39.88860824905717,2.6261449727056493E-10,0,1.941370480187021E-9
40.18456702738644,1.990986819530833E-10,0,1.4713732213425945E-9
40.480525805715715,1.5073010045268347E-10,0,1.1158174803716915E-9
40.77648458404499,1.1400064114555768E-10,0,8.467585118420035E-10
41.07244336237426,8.604715285199074E-11,0,6.426871493996719E-10
41.36840214070353,6.471656048448975E-11,0,4.878569410439741E-10
41.6643609190328,4.850131320313929E-11,0,3.7033915793325183E-10
41.960319697362074,3.638339779989106E-11,0,2.813558307081373E-10
42.192787581202936,2.9174644289163194E-11,0,2.268933277172606E-10
42.38308737533454,2.439917479358879E-11,0,1.9025266628940864E-10
42.573387169466145,2.0356048846837727E-11,0,1.5949365497455167E-10
42.76368696359775,1.6888177716717647E-11,0,1.3369926450090134E-10
42.93495677831619,1.4215914563355762E-11,0,1.1410199633337805E-10
43.106226593034634,1.1960741545640196E-11,0,9.741120128249236E-11
43.27749640775308,1.0105536109918443E-11,0,8.31965818950725E-11
43.44876622247152,8.585831778996848E-12,0,7.107828344627897E-11
43.59962824480201,7.462390075122555E-12,0,6.187804237868369E-11
43.750490267132506,6.488401020190068E-12,0,5.3872415283529224E-11
43.901352289463,5.627636119165145E-12,0,4.690432701785716E-11
44.05221431179349,4.861945852260768E-12,0,4.084133044988083E-11
44.203076334123985,4.1855416991267975E-12,0,3.556750952373703E-11
44.35393835645448,3.598075454804833E-12,0,3.0958899940851895E-11
44.50480037878497,3.0962539794761196E-12,0,2.694477780651842E-11
44.655662401115464,2.670723183145259E-12,0,2.345235354309855E-11
44.79143822121291,2.343536536448296E-12,0,2.0702561801851507E-11
44.913636459300605,2.0865219981712877E-12,0,1.8508351180209915E-11
45.02361487357953,1.8804285900906973E-12,0,1.6735863622614558E-11
45.13359328785846,1.6940429813862554E-12,0,1.513102754175261E-11
45.24357170213739,1.5253961509552231E-12,0,1.3680808115682919E-11
45.353550116416315,1.3726216318761598E-12,0,1.2369857646102881E-11
45.51279209188724,1.1774354665980827E-12,0,1.0697585619595484E-11
45.67203406735817,1.0095487728645357E-12,0,9.255717381948756E-12
45.831276042829096,8.658919632860782E-13,0,8.011307047363126E-12
45.99051801830002,7.433857781371648E-13,0,6.9357263326993E-12
46.30900196924187,5.500799341955929E-13,0,5.206259755384891E-12
46.54810347809721,4.395756094739822E-13,0,4.199200327093321E-12
46.78720498695255,3.509974343951931E-13,0,3.3864690633739422E-12
47.00239634492236,2.862060488659205E-13,0,2.7898830222921778E-12
47.19606856709519,2.3804224972473975E-13,0,2.343272980427547E-12
47.38974078926802,1.9813179139539352E-13,0,1.9690848069411753E-12
47.58341301144085,1.6510693515031202E-13,0,1.6550258401444854E-12
47.777085233613676,1.377648242406894E-13,0,1.3915971039002067E-12
47.970757455786504,1.1498357131738075E-13,0,1.1702451544551457E-12
48.16442967795933,9.594667174086148E-14,0,9.843306961414782E-13
48.35810190013216,7.997902612136226E-14,0,8.278245965844242E-13
48.55177412230499,6.663719493404527E-14,0,6.960303900322831E-13
48.74544634447782,5.555724091054709E-14,0,5.851978195089938E-13
48.93911856665065,4.636153753182487E-14,0,4.921020977776761E-13
49.13279078882348,3.869460000464755E-14,0,4.1391308936721586E-13
49.32646301099631,3.228259854691868E-14,0,3.4820942182584865E-13
49.520135233169135,2.6932241931989782E-14,0,2.9297224177703807E-13
49.713807455341964,2.2486251096117366E-14,0,2.465283434979839E-13
49.90747967751479,1.878834285985598E-14,0,2.074785700844455E-13
50.10115189968762,1.5693523720981268E-14,0,1.7464253316449978E-13
50.29482412186045,1.3100124142948584E-14,0,1.4702139776139353E-13
50.48849634403328,1.0938485005347679E-14,0,1.237821861298958E-13
50.68216856620611,9.143482756771978E-15,0,1.0422834368501306E-13
50.87584078837894,7.647769128373008E-15,0,8.777414964305151E-14
51.069513010551766,6.394132004352906E-15,0,7.392675350574562E-14
51.263185232724595,5.343071949257045E-15,0,6.227193819304617E-14
51.456857454897424,4.466731948031614E-15,0,5.246236377217148E-14
51.65052967707025,3.737420944750066E-15,0,4.420356788856643E-14
51.84420189924308,3.1280750964929735E-15,0,3.724862309653335E-14
52.06059206806108,2.5628250160559727E-15,0,3.076710419772053E-14
52.27698223687907,2.0990435089509476E-15,0,2.541666065955561E-14
52.493372405697066,1.7202493653884852E-15,0,2.0999842289240826E-14
52.70976257451506,1.4110854733848361E-15,0,1.7353179906223587E-14
52.926152743333056,1.157656141036672E-15,0,1.4341706615358454E-14
53.14254291215105,9.493255496788821E-16,0,1.1854355059327475E-14
53.358933080969045,7.785392196018671E-16,0,9.80002712485837E-15
53.57532324978704,6.390815450208111E-16,0,8.103190321677754E-15
53.791713418605035,5.249211373671597E-16,0,6.701175354866111E-15
54.00810358742303,4.3085905792674386E-16,0,5.542341800020839E-15
54.224493756241024,3.535009778327441E-16,0,4.584222446064698E-15
54.44088392505902,2.902724996248024E-16,0,3.792038435606942E-15
54.657274093877014,2.3859497314850336E-16,0,3.1370837633915964E-15
54.87366426269501,1.9610308600402857E-16,0,2.5955637042040765E-15
55.090054431513,1.6107611374983748E-16,0,2.147781014867377E-15
55.306444600331,1.323211854424179E-16,0,1.7774586957718465E-15
55.52283476914899,1.0879466384425728E-16,0,1.4711501225823845E-15
55.73922493796699,8.950933447056937E-17,0,1.2180347099297314E-15
55.95561510678498,7.365079530676174E-17,0,1.0087561313512635E-15
56.17200527560298,6.059559747906524E-17,0,8.355027255212633E-16
56.38839544442097,4.986042232986141E-17,0,6.920120894064162E-16
56.60478561323897,4.103762777217579E-17,0,5.731897157591618E-16
56.82117578205696,3.377946416193149E-17,0,4.747604356414467E-16
57.037565950874956,2.780466079618907E-17,0,3.932285381220749E-16
57.25395611969295,2.2888444049906224E-17,0,3.2571553278862943E-16
57.470346288510946,1.88458559034481E-17,0,2.698222295036602E-16
57.68673645732894,1.5521213933696518E-17,0,2.2354549686507576E-16
57.903126626146936,1.2785155772549466E-17,0,1.8522290246297112E-16
58.11951679496493,1.0532622154506287E-17,0,1.5348191849196792E-16
58.55229713260093,7.151536290080658E-18,0,1.0542377416583203E-16
58.91760279580835,5.164124935399068E-18,0,7.682163834368871E-17
59.28290845901577,3.733622945598023E-18,0,5.601345443404643E-17
59.648214122223195,2.6991186851459306E-18,0,4.085737530717906E-17
59.976989219109875,2.0151147607618996E-18,0,3.075133174416173E-17
60.305764315996555,1.5065543657275974E-18,0,2.3143536730245503E-17
60.634539412883235,1.126655128838952E-18,0,1.7419981656041442E-17
60.93043700008125,8.661357271236835E-19,0,1.3490569697326876E-17
61.22633458727926,6.654698171380985E-19,0,1.0444672939543747E-17
61.4746304271173,5.344831512337862E-19,0,8.428548383069088E-18
61.69809668297153,4.391759093801771E-19,0,6.951515432647291E-18
61.921562938825765,3.607706600004956E-19,0,5.734563959991548E-18
62.14502919468,2.9637829823409192E-19,0,4.73315294541625E-18
62.346148824948806,2.4837535007839203E-19,0,3.9820881206925556E-18
62.54726845521761,2.0818597744841383E-19,0,3.3496893667587578E-18
62.74838808548642,1.7449732379362108E-19,0,2.8175133903126465E-18
62.949507715755225,1.4625072729190813E-19,0,2.3699030635987555E-18
63.15062734602403,1.2258181475982437E-19,0,1.993499674053037E-18
63.35174697629284,1.0274406372374288E-19,0,1.676751116234134E-18
63.55286660656164,8.611781211537051E-20,0,1.4102007505440123E-18
63.84617905644947,6.656510309660683E-20,0,1.0953221160278422E-18
64.1394915063373,5.144315258591738E-20,0,8.506171842101008E-19
64.43280395622511,3.9757890214280816E-20,0,6.605289988640999E-19
64.72611640611294,3.073764000602757E-20,0,5.129397622767194E-19
65.01942885600076,2.3768927144859702E-20,0,3.983531132501901E-19
65.31274130588858,1.8380279005006703E-20,0,3.0939231711766757E-19
65.6060537557764,1.4215593208569462E-20,0,2.4031117318956438E-19
65.89936620566422,1.100338596607538E-20,0,1.8672182888506464E-19
66.19267865555204,8.521992056498274E-21,0,1.4514182392477265E-19
66.48599110543987,6.599757735851211E-21,0,1.1283923330171858E-19
66.77930355532769,5.112210646779051E-21,0,8.77329488914032E-20
67.07261600521551,3.96381833815512E-21,0,6.821070929941213E-20
67.36592845510333,3.074833968932983E-21,0,5.304725661881524E-20
67.65924090499115,2.3793600176210305E-21,0,4.125930110342574E-20
67.95255335487897,1.8416868844420586E-21,0,3.2104737722431765E-20
68.17805589650695,1.5190554424596237E-21,0,2.647497022332065E-20
68.40355843813492,1.2524551208831385E-21,0,2.182645178656182E-20
68.6065107256001,1.0491497371457103E-21,0,1.834096996367487E-20
68.78916778431876,8.943590558736458E-22,0,1.5682768300537256E-20
68.97182484303742,7.638873221669362E-22,0,1.3410997703328175E-20
69.15448190175609,6.526950552203013E-22,0,1.1469760149621087E-20
69.33713896047475,5.574193888842624E-22,0,9.810767418224433E-21
69.51979601919341,4.759163500893816E-22,0,8.392356336658931E-21
69.70245307791207,4.0643465620964604E-22,0,7.179288333395019E-21
69.88511013663073,3.47215451840052E-22,0,6.141655129577462E-21
70.25042425406805,2.5376380577782172E-22,0,4.5002932713986056E-21
70.57920695976165,1.9150307032572571E-22,0,3.404344516497959E-21
70.90798966545525,1.4461300116680032E-22,0,2.5769108491423048E-21
71.20389410057948,1.1226636446540408E-22,0,2.0045207204220784E-21
71.4997985357037,8.718825958114964E-23,0,1.5596235334639529E-21
71.79570297082793,6.77150138503938E-23,0,1.2134776252532542E-21
72.09160740595216,5.2598243851071907E-23,0,9.44273589854095E-22
72.38751184107639,4.086093159202627E-23,0,7.348237413156455E-22
72.68341627620062,3.171108877795676E-23,0,5.712168905565238E-22
72.97932071132485,2.4582362551796004E-23,0,4.435248060372113E-22
73.57112958157332,1.464127039998772E-23,0,2.650813980497081E-22
74.0895495580898,9.243515199589912E-24,0,1.6788615060493078E-22
74.60796953460628,5.900624646870366E-24,0,1.0743342999606758E-22
75.12638951112277,3.83439612019462E-24,0,6.991032410672539E-23
75.64480948763925,2.490308130802927E-24,0,4.5466264937855545E-23
76.64480948763925,9.90992461995702E-25,0,1.8207004024935787E-23
77.64480948763925,2.3466825004406657E-25,0,4.4774922939123626E-24
78.54480948763926,2.2676711263008764E-26,0,5.624408386102663E-25
79.44480948763926,-3.07258750125365E-26,0,-4.780383613579414E-25
80.34480948763927,-2.6966845990686514E-26,0,-4.562710294244701E-25
81.34480948763927,-1.6686879338261147E-26,0,-2.940703393137888E-25
82.34480948763927,-8.950602588508431E-27,0,-1.5842936575376834E-25
83.34480948763927,-4.802928210084433E-27,0,-8.536385712581604E-26
84.34480948763927,-2.5782807988137194E-27,0,-4.6000487986396976E-26
85.34480948763927,-1.3845723982622455E-27,0,-2.4791185000700422E-26
86.34480948763927,-7.437938954881312E-28,0,-1.3362114172180554E-26
87.34480948763927,-3.996974438236402E-28,0,-7.202660514800872E-27
88.34480948763927,-2.1485363885852357E-28,0,-3.882823349587969E-27
89.34480948763927,-1.1552550081040754E-28,0,-2.093324161725018E-27
90.34480948763927,-6.213388287174184E-29,0,-1.128643912603149E-27
91.34480948763927,-3.342618062822498E-29,0,-6.085645088746403E-28
92.34480948763927,-1.7986440521395146E-29,0,-3.2815823204759974E-28
93.34480948763927,-9.6804805752862E-30,0,-1.7696400279337436E-28
94.34480948763927,-5.2111702381807564E-30,0,-9.543542266782942E-29
95.34480948763927,-2.805783038764633E-30,0,-5.147016218168702E-29
96.34480948763927,-1.5109413517868241E-30,0,-2.7760104585870714E-29
97.34480948763927,-8.137863663913215E-31,0,-1.497286001966383E-29
98.34480948763927,-4.383665706693795E-31,0,-8.076163973046742E-30
99.34480948763927,-2.361695656833521E-31,0,-4.356331151205054E-30
100.34480948763927,-1.2725226012827604E-31,0,-2.349907851361272E-30
