p_diric_aff,lmda,Time (s),"Dependent variable c Sink Flux","Dependent variable c Source Flux","Dependent variable p (m^2) Total Concentration"
0.5,0,0,0,0,0
0.5,0,5,2.7736652277112924E-10,2.80230143576927E-5,4.807111678944892E-5
0.5,0,10,-2.420536494020132E-8,0.004113780215981016,0.004863658676963106
0.5,0,15,-6.630235684228203E-8,0.1866186883677999,0.3422844841991578
0.5,0,20,1.0897725823936994E-5,0.006104053382933334,0.7493668771891758
0.5,0,25,7.274478877262501E-4,4.1803896506466095E-5,0.755103518695233
0.5,0,30,0.009242503851672544,7.551051709254534E-9,0.7357893887399195
0.5,0,35,0.023624130158639373,0,0.6517696711965639
0.5,0,40,0.02824315052797156,0,0.5173794069764909
0.5,0,45,0.024028790574143942,0,0.38341254397779034
0.5,0,50,0.01725134673671078,0,0.27661131025436697
0.5,0,55,0.011722664905523494,0,0.1986677530957947
0.5,0,60,0.00820499866290773,0,0.14663786899089257
0.5,0,65,0.005823134071404408,0,0.11033825182177262
0.5,0,70,0.004154284863088159,0,0.08450566800237488
0.5,0,75,0.003004542277538895,0,0.06601779602168434
0.5,0,80,0.002250507129323416,0,0.05303964085234005
0.5,0,85,0.0017643376758615529,0,0.04374389431913211
0.5,0,90,0.0014127252472995709,0,0.036330110925558566
0.5,0,95,0.0011303322417949764,0,0.030055461037561217
0.5,0,100,9.144552928066348E-4,0,0.02489860377553353
0.5,0,105,7.474944538663153E-4,0,0.0206811300221187
0.5,0,110,6.14156665249514E-4,0,0.017202489938832614
0.5,0,115,5.05964848306265E-4,0,0.014315937443578631
0.5,0,120,4.189319019372209E-4,0,0.011941918192261338
0.5,0,125,3.4857294141261156E-4,0,0.00999033285518716
0.5,0,130,2.9150586999504536E-4,0,0.008383153075894953
0.5,0,135,2.448336464997349E-4,0,0.007052091210553202
0.5,0,140,2.0646562356272172E-4,0,0.005947298839702456
0.5,0,145,1.7506384612803148E-4,0,0.005034632953777546
0.5,0,150,1.4870944277577982E-4,0,0.004267655694239594
0.5,0.25,0,0,0,0
0.5,0.25,5,1.2478826484752135E-11,2.80230143576927E-5,3.7672146757151354E-5
0.5,0.25,10,8.822252177991668E-10,0.004113780215981016,0.003930996712734231
0.5,0.25,15,2.178158699359653E-8,0.1866186883677999,0.2516355904211119
0.5,0.25,20,7.557604527885513E-7,0.006104053382933334,0.24544763813845688
0.5,0.25,25,3.319913635193248E-5,4.1803896506466095E-5,0.07229982471515194
0.5,0.25,30,1.897497690393734E-4,7.551051709254534E-9,0.020732157533784133
0.5,0.25,35,1.9354109889992043E-4,0,0.005534547690196747
0.5,0.25,40,7.052901893021884E-5,0,0.0013421672488138964
0.5,0.25,45,1.9336745046368553E-5,0,3.862679735382223E-4
0.5,0.25,50,5.566664837874991E-6,0,1.0662957189629102E-4
0.5,0.25,55,1.1868068335981668E-6,0,1.913391459603574E-5
0.5,0.25,60,1.563845723828177E-7,0,1.8877965132611003E-6
0.5,0.25,65,1.0635391079627974E-8,0,1.916039528915429E-7
0.5,0.25,70,6.771664716092741E-10,0,3.988432999971313E-8
0.5,0.25,75,1.572641434116699E-10,0,9.846132828010733E-9
0.5,0.25,80,5.005757460690902E-11,0,2.387001671238686E-9
0.5,0.25,85,1.5767681216149076E-11,0,7.13606891564405E-10
0.5,0.25,90,4.2518944387418955E-12,0,1.8088122175436822E-10
0.5,0.25,95,8.987858032834844E-13,0,3.3157987620401137E-11
0.5,0.25,100,2.1205183120115988E-13,0,7.2500856147673406E-12
0.5,0.25,105,7.974183668974406E-14,0,2.909950707840876E-12
0.5,0.25,110,2.3556709347945425E-14,0,8.402276036500143E-13
0.5,0.25,115,4.219357985733602E-15,0,1.4130477785936473E-13
0.5,0.25,120,6.089419999762957E-16,0,1.7506714808055583E-14
0.5,0.25,125,2.7687241211154622E-17,0,4.308304872322797E-17
0.5,0.25,130,-6.613843888844252E-18,0,-3.5542631597909655E-16
0.5,0.25,135,-3.2028243427146313E-18,0,-1.5502051507903073E-16
0.5,0.25,140,-1.7822124123547644E-18,0,-8.248348758292138E-17
0.5,0.25,145,-1.0198463384531332E-18,0,-4.4698586677258486E-17
0.5,0.25,150,-7.0281147291805075E-19,0,-3.042497167790176E-17
0.5,0.5,0,0,0,0
0.5,0.5,5,6.904664668549082E-13,2.80230143576927E-5,2.9314694626743983E-5
0.5,0.5,10,5.1646864145167066E-11,0.004113780215981016,0.0031660674918692305
0.5,0.5,15,1.2624567150530735E-9,0.1866186883677999,0.1971901108181124
0.5,0.5,20,4.8817811935558376E-8,0.006104053382933334,0.0955506790652116
0.5,0.5,25,1.7504552987002594E-6,4.1803896506466095E-5,0.008530525507371796
0.5,0.5,30,4.692239463185035E-6,7.551051709254534E-9,5.96084947004044E-4
0.5,0.5,35,1.921260658373779E-6,0,6.044735654467678E-6
0.5,0.5,40,3.1525751633755266E-7,0,-7.716139646935353E-8
0.5,0.5,45,2.9555312777594247E-8,0,-1.28996878183191E-7
0.5,0.5,50,1.3098657318329286E-9,0,-2.3533783627991492E-8
0.5,0.5,55,-5.833857339662447E-11,0,-1.941638470517617E-9
0.5,0.5,60,-9.08501113597475E-12,0,-1.5727414497201687E-10
0.5,0.5,65,-5.210159188848514E-13,0,-6.1940503361811995E-12
0.5,0.5,70,-1.9972243926661002E-14,0,-2.382217858497101E-13
0.5,0.5,75,-5.105569984226691E-16,0,-6.372185513057225E-15
0.5,0.5,80,-9.905619370127419E-18,0,-1.5653368674392712E-16
0.5,0.5,85,-1.8126825896725686E-18,0,-3.054072477456196E-17
0.5,0.5,90,-8.07170702958125E-19,0,-1.3812645264336946E-17
0.5,0.5,95,-2.692512484819675E-19,0,-4.7804703167083765E-18
0.5,0.5,100,-1.7567308984291137E-19,0,-3.1305837140434353E-18
0.5,0.5,105,-8.209493120385515E-20,0,-1.4806971113784951E-18
0.5,0.5,110,-2.750392822601554E-20,0,-5.140573418769701E-19
0.5,0.5,115,-1.795309816359942E-20,0,-3.3674305631191744E-19
0.5,0.5,120,-8.402268101183387E-21,0,-1.5942877074686493E-19
0.5,0.5,125,-2.82765809063173E-21,0,-5.550641167614701E-20
0.5,0.5,130,-1.846602948303083E-21,0,-3.6370567647079865E-20
0.5,0.5,135,-8.655478059744388E-22,0,-1.723472361801288E-20
0.5,0.5,140,-2.926203860513444E-22,0,-6.015749817211917E-21
0.5,0.5,145,-1.9118525318960916E-22,0,-3.942793415797565E-21
0.5,0.5,150,-8.975012032787329E-23,0,-1.8698370143832058E-21
0.5,0.75,0,0,0,0
0.5,0.75,5,4.8024171354669774E-14,2.80230143576927E-5,2.3957764223276524E-5
0.5,0.75,10,3.692465529059503E-12,0.004113780215981016,0.0026532041170409686
0.5,0.75,15,9.032213751965143E-11,0.1866186883677999,0.16098079036359267
0.5,0.75,20,3.745953265116491E-9,0.006104053382933334,0.0437116952263412
0.5,0.75,25,1.112018354290561E-7,4.1803896506466095E-5,0.0014462384276390133
0.5,0.75,30,1.2538952754191587E-7,7.551051709254534E-9,3.465297127610315E-5
0.5,0.75,35,1.9324345141010788E-8,0,-9.78725737049642E-7
0.5,0.75,40,-4.075244022746727E-10,0,-4.7688014255561686E-8
0.5,0.75,45,-1.2317931568671572E-11,0,-1.0024042143035355E-9
0.5,0.75,50,6.068563055927138E-13,0,-3.1116017228425066E-11
0.5,0.75,55,-1.1613663163994966E-14,0,-1.2142585558802839E-12
0.5,0.75,60,-1.3962479402011814E-15,0,-3.3326761217656036E-14
0.5,0.75,65,4.608230943036336E-17,0,1.077362438091327E-15
0.5,0.75,70,-7.102127719169761E-18,0,-1.36646414572918E-16
0.5,0.75,75,-2.5438444692865763E-18,0,-4.3732582458152514E-17
0.5,0.75,80,-7.879677799029466E-19,0,-1.308816223892301E-17
0.5,0.75,85,-2.9427019181880965E-19,0,-4.833935430889313E-18
0.5,0.75,90,-8.96582865539892E-20,0,-1.4361773584155337E-18
0.5,0.75,95,-3.3543524160398234E-20,0,-5.330835828410653E-19
0.5,0.75,100,-1.0540505227584558E-20,0,-1.6391955409214447E-19
0.5,0.75,105,-4.9410157399205915E-21,0,-7.53889532243933E-20
0.5,0.75,110,6.584737477433703E-22,0,1.3141647643358363E-20
0.5,0.75,115,1.420482866468878E-21,0,2.4445174817345828E-20
0.5,0.75,120,-3.6008727043682584E-22,0,-4.841841136794232E-21
0.5,0.75,125,-2.140657407342529E-21,0,-3.412885709093427E-20
0.5,0.75,130,-1.9341503764629515E-21,0,-3.0920171734962174E-20
0.5,0.75,135,-6.83235761298352E-22,0,-1.0631748633943624E-20
0.5,0.75,140,5.676788538662507E-22,0,9.656674467074914E-21
0.5,0.75,145,6.405076632231598E-22,0,1.0697579187507975E-20
0.5,0.75,150,9.413467686145624E-23,0,1.6219899432127894E-21
0.5,1,0,0,0,0
0.5,1,5,4.003406559902187E-15,2.80230143576927E-5,2.025331892045511E-5
0.5,1,10,3.141390816840537E-13,0.004113780215981016,0.002285255082986151
0.5,1,15,7.741054205579021E-12,0.1866186883677999,0.13495415710921532
0.5,1,20,3.735555711214933E-10,0.006104053382933334,0.023445674590955014
0.5,1,25,7.554324695661678E-9,4.1803896506466095E-5,3.5968788321198735E-4
0.5,1,30,4.087596042497471E-9,7.551051709254534E-9,3.97873508226425E-6
0.5,1,35,1.435908836183208E-10,0,-2.1359726723997136E-8
0.5,1,40,2.546636600333132E-12,0,1.4669108431265185E-10
0.5,1,45,1.3877322359594918E-14,0,3.2896181578091535E-13
0.5,1,50,1.1233998348152625E-16,0,1.8259459125319394E-15
0.5,1,55,1.3383633876848332E-17,0,2.4238007237442586E-16
0.5,1,60,5.019509401672938E-18,0,1.0824748558006942E-16
0.5,1,65,-5.026675681399523E-20,0,1.8621442966877873E-17
0.5,1,70,-3.2816332887806825E-19,0,9.465899945776721E-18
0.5,1,75,-6.060599009421411E-19,0,3.1035692467554704E-19
0.5,1,80,-8.289614876958006E-19,0,-7.73429592306477E-18
0.5,1,85,-4.205509262733127E-19,0,-3.026541296310516E-18
0.5,1,90,-1.2140364850824523E-20,0,1.6812133304436958E-18
0.5,1,95,3.448836712521654E-19,0,5.76272568282066E-18
0.5,1,100,1.1201869286319223E-19,0,2.6553215679188027E-18
0.5,1,105,-1.2084628552578045E-19,0,-4.520825469830788E-19
0.5,1,110,-3.2062062495864927E-19,0,-3.1653460097730813E-18
0.5,1,115,-1.405326506553772E-19,0,-1.3540918212931853E-18
0.5,1,120,3.9555323647894694E-20,0,4.571623671867023E-19
0.5,1,125,1.9587858015028553E-19,0,2.0327346927120343E-18
0.5,1,130,7.939596242629828E-20,0,9.028090105884741E-19
0.5,1,135,-3.708665529768887E-20,0,-2.2711667153507346E-19
0.5,1,140,-1.3792814736577302E-19,0,-1.2116274059218469E-18
0.5,1,145,-5.921812974645434E-20,0,-5.268546135569146E-19
0.5,1,150,1.9491887872864348E-20,0,1.579181788080242E-19
0.75,0,0,0,0,0
0.75,0,5,5.8144549711386355E-9,2.80230143576927E-5,4.806230053036944E-5
0.75,0,10,2.2530722699689552E-7,0.004113780215981016,0.004984742085306967
0.75,0,15,7.468843523666255E-6,0.1866186883677999,0.34080422374756025
0.75,0,20,4.4763285930057145E-4,0.006104053382933334,0.7461567730496358
0.75,0,25,0.015566346773198354,4.1803896506466095E-5,0.7259406361589504
0.75,0,30,0.04621767303596289,7.551051709254534E-9,0.554696063233949
0.75,0,35,0.03759390828976681,0,0.3391538411015836
0.75,0,40,0.022039818192574123,0,0.20820458213494092
0.75,0,45,0.012649592366752616,0,0.13508786400209818
0.75,0,50,0.007152041222689312,0,0.08918004592621775
0.75,0,55,0.0040719331996051005,0,0.06058389475896848
0.75,0,60,0.0024640418352974507,0,0.043189180068020236
0.75,0,65,0.0016451068613217877,0,0.03239577671105125
0.75,0,70,0.0011787294547938134,0,0.025038183410949422
0.75,0,75,8.932670080131685E-4,0,0.01974082541356883
0.75,0,80,6.996448664703083E-4,0,0.015720513748618922
0.75,0,85,5.590970992113367E-4,0,0.012592371585074163
0.75,0,90,4.505686630567169E-4,0,0.01011137770189868
0.75,0,95,3.655187870506493E-4,0,0.008141913306881162
0.75,0,100,2.9327204522357035E-4,0,0.006505559339201026
0.75,0,105,2.3321564495303753E-4,0,0.005180813907086757
0.75,0,110,1.8474836285635134E-4,0,0.004111958157284281
0.75,0,115,1.457131037593106E-4,0,0.0032529590709400786
0.75,0,120,1.1424395159269072E-4,0,0.0025555316766925477
0.75,0,125,8.934489502095931E-5,0,0.002001700146788004
0.75,0,130,6.917036736486382E-5,0,0.0015517689158990042
0.75,0,135,5.3722334755707385E-5,0,0.0012058009546817698
0.75,0,140,4.111779248984342E-5,0,9.23333592593248E-4
0.75,0,145,3.176602484932538E-5,0,7.130285283431719E-4
0.75,0,150,2.4041593511364505E-5,0,5.395203018969679E-4
0.75,0.25,0,0,0,0
0.75,0.25,5,4.3066689515530636E-10,2.80230143576927E-5,3.53761358767704E-5
0.75,0.25,10,1.594485157710261E-8,0.004113780215981016,0.003798888345473297
0.75,0.25,15,6.198863576184658E-7,0.1866186883677999,0.2525404180136786
0.75,0.25,20,3.9456850584833493E-5,0.006104053382933334,0.2434192262614901
0.75,0.25,25,0.0010400349880813676,4.1803896506466095E-5,0.0706966423108692
0.75,0.25,30,0.0013601067685866403,7.551051709254534E-9,0.015314158360758553
0.75,0.25,35,3.9236607814016513E-4,0,0.002686599937586637
0.75,0.25,40,6.700404440328403E-5,0,5.253476040730324E-4
0.75,0.25,45,8.74977951902183E-6,0,9.822261502238652E-5
0.75,0.25,50,9.501131661093205E-7,0,1.5726703023184892E-5
0.75,0.25,55,1.5815774175768955E-7,0,2.7918103109748197E-6
0.75,0.25,60,2.029241991164717E-8,0,4.480599731367671E-7
0.75,0.25,65,3.311568042832468E-9,0,8.349727675676629E-8
0.75,0.25,70,6.532160834473681E-10,0,1.5805470539339818E-8
0.75,0.25,75,1.2129356285951717E-10,0,2.725074984006709E-9
0.75,0.25,80,2.5198433000265455E-11,0,5.577496582849071E-10
0.75,0.25,85,7.230038187910993E-12,0,1.6444712764512508E-10
0.75,0.25,90,1.4022021095118747E-12,0,3.180645716294873E-11
0.75,0.25,95,1.9412584724784394E-13,0,4.3545715460950885E-12
0.75,0.25,100,2.986307198770454E-14,0,6.675288683555204E-13
0.75,0.25,105,5.703056100478088E-15,0,1.278386759810826E-13
0.75,0.25,110,1.516379880545273E-15,0,3.4007835781487956E-14
0.75,0.25,115,4.049088883229099E-16,0,9.080591958952415E-15
0.75,0.25,120,4.6250460053162067E-17,0,1.0372726785201637E-15
0.75,0.25,125,-1.4810978502798322E-17,0,-3.320959384078078E-16
0.75,0.25,130,-9.041619217324917E-18,0,-2.0275222930605707E-16
0.75,0.25,135,-4.305023652921447E-18,0,-9.653937580149073E-17
0.75,0.25,140,-2.083272082553561E-18,0,-4.671811132000052E-17
0.75,0.25,145,-1.3748462452261874E-18,0,-3.0831569210852406E-17
0.75,0.25,150,-6.664204078988142E-19,0,-1.4945027101704212E-17
0.75,0.5,0,0,0,0
0.75,0.5,5,4.68732768427368E-11,2.80230143576927E-5,3.0441581617778257E-5
0.75,0.5,10,4.908142497152702E-9,0.004113780215981016,0.00326026955300277
0.75,0.5,15,1.0479672143106296E-7,0.1866186883677999,0.19750257826124495
0.75,0.5,20,4.1585040159188596E-6,0.006104053382933334,0.09433933493835385
0.75,0.5,25,6.910941561379677E-5,4.1803896506466095E-5,0.009003865083135457
0.75,0.5,30,4.671816719472024E-5,7.551051709254534E-9,8.504017011058149E-4
0.75,0.5,35,9.577938492962637E-6,0,1.068147791228732E-4
0.75,0.5,40,1.140408805013292E-6,0,1.034760929329584E-5
0.75,0.5,45,9.400360351547994E-8,0,8.51122387407321E-7
0.75,0.5,50,2.0467633517608255E-9,0,2.4752143852399187E-8
0.75,0.5,55,7.146447039409396E-11,0,1.0931265720583492E-9
0.75,0.5,60,3.362958993979138E-12,0,5.829438580435039E-11
0.75,0.5,65,2.1969199420385383E-13,0,4.1241600072839385E-12
0.75,0.5,70,2.278597129851929E-14,0,4.3085556686941877E-13
0.75,0.5,75,-2.7203308265559743E-16,0,-3.4400186368882223E-15
0.75,0.5,80,-1.421081851746969E-16,0,-2.6772979255110276E-15
0.75,0.5,85,-3.7686882098123566E-17,0,-7.259697688904949E-16
0.75,0.5,90,-1.0151715861604011E-17,0,-1.993597046021777E-16
0.75,0.5,95,-6.552215575724582E-18,0,-1.2888316919309213E-16
0.75,0.5,100,-2.9527152898451574E-18,0,-5.840663378400677E-17
0.75,0.5,105,-1.0687060506507146E-18,0,-2.1435082894204285E-17
0.75,0.5,110,-6.749211288186708E-19,0,-1.3568867634087028E-17
0.75,0.5,115,-2.811362069866272E-19,0,-5.7026523739697704E-18
0.75,0.5,120,-9.46874442141118E-20,0,-1.9625135055892402E-18
0.75,0.5,125,-8.834885263490799E-20,0,-1.806642468942865E-18
0.75,0.5,130,-8.201026105570427E-20,0,-1.6507714322964966E-18
0.75,0.5,135,-6.58789667958421E-20,0,-1.3168032920318575E-18
0.75,0.5,140,-4.1240881611237237E-20,0,-8.2812456019834635E-19
0.75,0.5,145,-1.6602796426632427E-20,0,-3.3944582836483167E-19
0.75,0.5,150,-5.105747518643561E-21,0,-1.0960842618669784E-19
0.75,0.75,0,0,0,0
0.75,0.75,5,4.930689990664442E-12,2.80230143576927E-5,2.492179902773334E-5
0.75,0.75,10,5.354684614052016E-10,0.004113780215981016,0.002699663215100345
0.75,0.75,15,1.1232278982473443E-8,0.1866186883677999,0.16117933106283777
0.75,0.75,20,4.762074038383586E-7,0.006104053382933334,0.043594001033408415
0.75,0.75,25,5.943060140641548E-6,4.1803896506466095E-5,0.0013901247443961356
0.75,0.75,30,1.123214679193377E-6,7.551051709254534E-9,4.992385047394015E-5
0.75,0.75,35,-1.4222808363996626E-8,0,-6.320522621980024E-7
0.75,0.75,40,-1.5049701574085975E-9,0,-1.6753007194801958E-8
0.75,0.75,45,-4.315500940556891E-11,0,-4.232842558974398E-10
0.75,0.75,50,-1.5389365605811016E-13,0,-1.3568465283694577E-12
0.75,0.75,55,-3.2998942889427644E-15,0,-4.670987624898827E-14
0.75,0.75,60,-2.5828154052537263E-16,0,-4.0748951770133475E-15
0.75,0.75,65,-3.937982053537745E-17,0,-6.476170545708504E-16
0.75,0.75,70,-1.6131606314406546E-17,0,-2.684076758066196E-16
0.75,0.75,75,-3.429942017777522E-18,0,-5.83863070569869E-17
0.75,0.75,80,-2.3135372441716687E-18,0,-3.941930429783186E-17
0.75,0.75,85,-1.197132470565816E-18,0,-2.0452301538676696E-17
0.75,0.75,90,-2.5582491655818777E-19,0,-4.454544260513588E-18
0.75,0.75,95,-1.7258475954630913E-19,0,-3.0076333450871072E-18
0.75,0.75,100,-8.934460253443011E-20,0,-1.5607224296606328E-18
0.75,0.75,105,-1.915562232568123E-20,0,-3.4029796859614363E-19
0.75,0.75,110,-1.292419285868383E-20,0,-2.297748685876308E-19
0.75,0.75,115,-6.692763391686417E-21,0,-1.1925176857911621E-19
0.75,0.75,120,-1.4381415770519074E-21,0,-2.602726282036396E-20
0.75,0.75,125,-9.70385033903736E-22,0,-1.757486123115557E-20
0.75,0.75,130,-5.026284907555631E-22,0,-9.12245964194718E-21
0.75,0.75,135,-1.0818325358422366E-22,0,-1.9928691928335604E-21
0.75,0.75,140,-7.300152518956712E-23,0,-1.345740968434771E-21
0.75,0.75,145,-3.7819796794910543E-23,0,-6.986127440359858E-22
0.75,0.75,150,-8.151348276724048E-24,0,-1.5275198491590633E-22
0.75,1,0,0,0,0
0.75,1,5,5.826602504380363E-13,2.80230143576927E-5,2.1052625618698232E-5
0.75,1,10,6.385356154757551E-11,0.004113780215981016,0.002306466679046305
0.75,1,15,1.342955938941011E-9,0.1866186883677999,0.13549703810077637
0.75,1,20,6.107595822923557E-8,0.006104053382933334,0.023408650351042243
0.75,1,25,5.103042614547435E-7,4.1803896506466095E-5,3.8111143834227795E-4
0.75,1,30,4.162415104105512E-8,7.551051709254534E-9,5.538532153681171E-6
0.75,1,35,2.374196229003953E-9,0,8.507039039477739E-8
0.75,1,40,-6.120836168190178E-12,0,-3.3559052200811775E-10
0.75,1,45,-9.411264802093151E-15,0,-3.201832684656688E-12
0.75,1,50,-5.933557733353589E-15,0,-8.062460720376134E-14
0.75,1,55,-3.1665781889064517E-16,0,-2.9141052563455707E-15
0.75,1,60,-2.9214896891418147E-17,0,-2.495724547058047E-16
0.75,1,65,-5.4014078555933224E-18,0,-4.5475766703305403E-17
0.75,1,70,-1.2243430434445169E-18,0,-1.0252541659800528E-17
0.75,1,75,-5.953954489609426E-19,0,-4.987301718148957E-18
0.75,1,80,-1.1870913492958588E-19,0,-9.964872041389283E-19
0.75,1,85,-1.4719056414055167E-19,0,-1.2339217584424815E-18
0.75,1,90,-1.7567199335151754E-19,0,-1.4713563127460242E-18
0.75,1,95,-1.80908970772584E-19,0,-1.5144614836003414E-18
0.75,1,100,-1.0902622859892774E-19,0,-9.128266667758768E-19
0.75,1,105,-3.714348642527153E-20,0,-3.111918499514046E-19
0.75,1,110,1.484489429616059E-20,0,1.2394765588558462E-19
0.75,1,115,8.283810076467627E-22,0,6.694194435202858E-21
0.75,1,120,-1.3188132280867063E-20,0,-1.1055926701517903E-19
0.75,1,125,-2.167742447248493E-20,0,-1.8155031852850576E-19
0.75,1,130,-1.1828674322494283E-20,0,-9.90533844197272E-20
0.75,1,135,-1.97992417250362E-21,0,-1.655645031094814E-20
0.75,1,140,4.8925138110134216E-21,0,4.1003255928412364E-20
0.75,1,145,1.890235807270604E-21,0,1.5827002716367025E-20
0.75,1,150,-1.1120421964722077E-21,0,-9.349250495678458E-21
1,0,0,0,0,0
1,0,5,3.664502571308573E-8,2.80230143576927E-5,4.915857226784394E-5
1,0,10,1.5757148225222047E-6,0.004113780215981016,0.005077653034639596
1,0,15,7.534525520441908E-5,0.1866186883677999,0.34555741148544855
1,0,20,0.004639361759564326,0.006104053382933334,0.7513375573036823
1,0,25,0.061314597157014025,4.1803896506466095E-5,0.6214836850776655
1,0,30,0.052570273729304375,7.551051709254534E-9,0.30740082869852864
1,0,35,0.020202400364764107,0,0.15308182901112175
1,0,40,0.008681980287892993,0,0.08626287201064896
1,0,45,0.004443603205665849,0,0.05392869277878896
1,0,50,0.0026124452585662267,0,0.036847192162671884
1,0,55,0.0016736125594014797,0,0.026544854731641084
1,0,60,0.001147477868093975,0,0.019683466973288904
1,0,65,8.371619453289943E-4,0,0.014899515206828796
1,0,70,6.313954961165385E-4,0,0.011386581111114482
1,0,75,4.793369950337745E-4,0,0.008712900678252257
1,0,80,3.6050351839709996E-4,0,0.006627836907231709
1,0,85,2.713388495106463E-4,0,0.005037648326615333
1,0,90,2.012450404392879E-4,0,0.0037694814598754796
1,0,95,1.49800722412137E-4,0,0.002817802949294091
1,0,100,1.1047791794887871E-4,0,0.002085208995593313
1,0,105,8.254671671724101E-5,0,0.0015561422911158549
1,0,110,6.10229622270813E-5,0,0.0011487334310621845
1,0,115,4.516050271361327E-5,0,8.480628904381726E-4
1,0,120,3.3801972652813926E-5,0,6.333881144460061E-4
1,0,125,2.486259320537189E-5,0,4.6513848169483905E-4
1,0,130,1.8266883889875064E-5,0,3.4142776749734546E-4
1,0,135,1.3486487343406916E-5,0,2.520644988621614E-4
1,0,140,9.827660177956226E-6,0,1.836887483973129E-4
1,0,145,7.303912615007002E-6,0,1.3660267294568254E-4
1,0,150,5.522129565633284E-6,0,1.0331660396493457E-4
1,0.25,0,0,0,0
1,0.25,5,4.035806762163695E-9,2.80230143576927E-5,3.4249992084418465E-5
1,0.25,10,2.52764373414874E-7,0.004113780215981016,0.0039383696999627125
1,0.25,15,8.926619102163738E-6,0.1866186883677999,0.25220258521901356
1,0.25,20,5.279210935959345E-4,0.006104053382933334,0.2428020080066561
1,0.25,25,0.004972304495950509,4.1803896506466095E-5,0.06251561866905361
1,0.25,30,0.0018118864707882829,7.551051709254534E-9,0.01297145820996141
1,0.25,35,2.3748405363262635E-4,0,0.0013987213205016674
1,0.25,40,7.650900873579412E-6,0,1.5433734856424634E-4
1,0.25,45,2.691786505062803E-6,0,4.14247600292613E-5
1,0.25,50,7.864730677802227E-7,0,1.1909538619380097E-5
1,0.25,55,2.118369967069713E-7,0,3.3737371260466277E-6
1,0.25,60,4.874137416812336E-8,0,8.286552330093531E-7
1,0.25,65,7.577922128287064E-9,0,1.4199416829527446E-7
1,0.25,70,1.2127368540462875E-9,0,2.37076115840478E-8
1,0.25,75,2.155264125953758E-10,0,4.121707439840457E-9
1,0.25,80,5.290135652397751E-11,0,9.987333729679077E-10
1,0.25,85,9.694163954468396E-12,0,1.815077829939637E-10
1,0.25,90,1.2724488729078826E-12,0,2.3682336908490832E-11
1,0.25,95,1.9660217064215622E-13,0,3.668205759620405E-12
1,0.25,100,3.990770736656824E-14,0,7.46086485375114E-13
1,0.25,105,1.140679285267437E-14,0,2.1332996212724483E-13
1,0.25,110,2.905204584730634E-15,0,5.4344522307679134E-14
1,0.25,115,3.5043488827581493E-16,0,6.558003496022119E-15
1,0.25,120,-1.0673799364809197E-17,0,-1.9916754926724445E-16
1,0.25,125,-6.155702463910068E-18,0,-1.1518720170804347E-16
1,0.25,130,-2.6345295443644268E-18,0,-4.9295209053508293E-17
1,0.25,135,-1.6020522088733092E-18,0,-2.99756901880254E-17
1,0.25,140,-8.107086481648909E-19,0,-1.5168654278544052E-17
1,0.25,145,-4.291547999938906E-19,0,-8.029406113819015E-18
1,0.25,150,-2.827839752580883E-19,0,-5.290789418597858E-18
1,0.5,0,0,0,0
1,0.5,5,5.807164319251229E-10,2.80230143576927E-5,2.8947043181190793E-5
1,0.5,10,3.062385693710613E-8,0.004113780215981016,0.003103915554068257
1,0.5,15,1.171058275352914E-6,0.1866186883677999,0.19790406465109128
1,0.5,20,7.477521096231937E-5,0.006104053382933334,0.09466588929894805
1,0.5,25,4.0954234303133315E-4,4.1803896506466095E-5,0.009170525815783292
1,0.5,30,7.638532888014794E-5,7.551051709254534E-9,5.221577035942961E-4
1,0.5,35,2.103602720130641E-6,0,1.4457321675280094E-5
1,0.5,40,3.1617208898738305E-8,0,4.551505142748398E-7
1,0.5,45,2.50421081673862E-9,0,3.346613190337131E-8
1,0.5,50,7.073694309422991E-11,0,1.1968872496728866E-9
1,0.5,55,3.2649506349051224E-12,0,6.061951619731508E-11
1,0.5,60,1.7184268210876288E-13,0,3.227336312919685E-12
1,0.5,65,7.39369284750178E-15,0,1.382899485953922E-13
1,0.5,70,7.641629245851364E-16,0,1.4296056493351893E-14
1,0.5,75,1.3227492086564109E-16,0,2.474905487163983E-15
1,0.5,80,3.3198811647150125E-17,0,6.211748683984101E-16
1,0.5,85,8.226408966842258E-18,0,1.5392249051997068E-16
1,0.5,90,3.528957215869518E-18,0,6.602922763079409E-17
1,0.5,95,9.956327039566327E-19,0,1.862873572325975E-17
1,0.5,100,5.978301073400019E-19,0,1.1185604603637917E-17
1,0.5,105,2.6932016929546613E-19,0,5.038995771465767E-18
1,0.5,110,-5.918976874906912E-20,0,-1.1076130607063967E-18
1,0.5,115,3.751536716178765E-21,0,7.010883951006507E-20
1,0.5,120,7.939451345431678E-20,0,1.485488028594997E-18
1,0.5,125,1.5503749019245464E-19,0,2.9008672176799384E-18
1,0.5,130,9.338732739136263E-20,0,1.7473372341821265E-18
1,0.5,135,2.728232543631894E-20,0,5.104521959206732E-19
1,0.5,140,-3.882267651872471E-20,0,-7.264328423407849E-19
1,0.5,145,-1.7182450229196368E-20,0,-3.2151482921155473E-19
1,0.5,150,7.30490214156392E-21,0,1.3667582769987214E-19
1,0.75,0,0,0,0
1,0.75,5,1.045537387316423E-10,2.80230143576927E-5,2.5697049000609236E-5
1,0.75,10,4.757516824779808E-9,0.004113780215981016,0.0026426624253070383
1,0.75,15,1.9057791479054666E-7,0.1866186883677999,0.16122026756205352
1,0.75,20,1.1569612110817606E-5,0.006104053382933334,0.043656253041174334
1,0.75,25,4.640198980913218E-5,4.1803896506466095E-5,8.51258460557508E-4
1,0.75,30,2.3201692146312587E-6,7.551051709254534E-9,-5.303026745347041E-5
1,0.75,35,-1.616728330586026E-7,0,-1.1120639862499776E-6
1,0.75,40,-1.0290034651449407E-9,0,-6.59568199276812E-9
1,0.75,45,-6.333113580985803E-12,0,-6.721649713775406E-11
1,0.75,50,-5.369736128495576E-14,0,-6.690736498344933E-13
1,0.75,55,-6.5658066816632E-16,0,-1.0072927082299806E-14
1,0.75,60,-1.1515399142524467E-17,0,-2.2980948250788035E-16
1,0.75,65,-2.5171706284157345E-18,0,-5.0173932244457943E-17
1,0.75,70,-8.897100349336393E-19,0,-1.7716401486017266E-17
1,0.75,75,-3.1982343516345403E-19,0,-6.356129289338153E-18
1,0.75,80,-1.9425212999194247E-19,0,-3.859383152138737E-18
1,0.75,85,-6.8680824820431E-20,0,-1.3626370149393425E-18
1,0.75,90,-2.470274787549897E-20,0,-4.887989581188726E-19
1,0.75,95,-1.5004181822761733E-20,0,-2.967882591263438E-19
1,0.75,100,-5.3056157700245096E-21,0,-1.0477756013381463E-19
1,0.75,105,-1.9087238343625635E-21,0,-3.7578614289663736E-20
1,0.75,110,-1.1593347764575111E-21,0,-2.2816444689279797E-20
1,0.75,115,-4.0994571855245964E-22,0,-8.054275088895945E-21
1,0.75,120,-1.4747531469485774E-22,0,-2.8881317210545013E-21
1,0.75,125,-8.957254062488453E-23,0,-1.7535372073257984E-21
1,0.75,130,-3.166976655491132E-23,0,-6.189426935970999E-22
1,0.75,135,-1.1390582267671736E-23,0,-2.2190098248044325E-22
1,0.75,140,-6.918080517605685E-24,0,-1.3472505165255109E-22
1,0.75,145,-2.445578767539638E-24,0,-4.754912082465914E-23
1,0.75,150,-8.793091390058011E-25,0,-1.7044051103548839E-23
1,1,0,0,0,0
1,1,5,1.6721750010735955E-11,2.80230143576927E-5,2.1780529358751008E-5
1,1,10,7.57918964436744E-10,0.004113780215981016,0.0022742797589018517
1,1,15,3.147823690281179E-8,0.1866186883677999,0.13544563018164288
1,1,20,1.8824612384146438E-6,0.006104053382933334,0.023477457587640835
1,1,25,4.637566123482807E-6,4.1803896506466095E-5,4.324140834141262E-4
1,1,30,1.7278950439365565E-7,7.551051709254534E-9,2.873053067307688E-6
1,1,35,1.455491615055766E-9,0,2.38639781478904E-8
1,1,40,1.2315080088222322E-11,0,-1.0391873610360231E-10
1,1,45,-2.8757812567143276E-13,0,-1.4266075752862355E-12
1,1,50,-2.7657994798357093E-15,0,-1.6881688313038487E-14
1,1,55,-1.14465501471436E-16,0,-7.793207519750875E-16
1,1,60,-1.2991322995907903E-17,0,-9.292182549144772E-17
1,1,65,-4.015217295939626E-18,0,-2.94026838088349E-17
1,1,70,-6.200790366102885E-19,0,-4.7113443268219405E-18
1,1,75,-4.1733246784410426E-19,0,-3.1745158489293347E-18
1,1,80,-2.1458589907791977E-19,0,-1.6376873710367204E-18
1,1,85,-3.333116852244672E-20,0,-2.633964985762878E-19
1,1,90,-2.2436504271304406E-20,0,-1.774978504985582E-19
1,1,95,-1.1541840020162092E-20,0,-9.159920242082891E-20
1,1,100,-1.8016782993957903E-21,0,-1.4783232002809708E-20
1,1,105,-1.2129500528192925E-21,0,-9.963223640652692E-21
1,1,110,-6.24221806242793E-22,0,-5.143215278495689E-21
1,1,115,-9.786330460459024E-23,0,-8.327496492783052E-22
1,1,120,-6.589312745026558E-23,0,-5.612932903438793E-22
1,1,125,-3.3922950295940984E-23,0,-2.898369314094537E-22
1,1,130,-5.338836860432861E-24,0,-4.707139810710454E-23
1,1,135,-3.5951469379201056E-24,0,-3.173038331664537E-23
1,1,140,-1.8514570154073475E-24,0,-1.6389368526186038E-23
1,1,145,-2.924046375469587E-25,0,-2.6694599382966146E-24
1,1,150,-1.9692480480136198E-25,0,-1.7996276188260185E-24
1.25,0,0,0,0,0
1.25,0,5,1.1788596848232469E-7,2.80230143576927E-5,4.793802418550905E-5
1.25,0,10,5.280061235610716E-6,0.004113780215981016,0.005254372133766049
1.25,0,15,3.384194960797715E-4,0.1866186883677999,0.34656840585665855
1.25,0,20,0.018606210857570322,0.006104053382933334,0.7216241423447709
1.25,0,25,0.08143975674074308,4.1803896506466095E-5,0.4294408860239226
1.25,0,30,0.029924117458938353,7.551051709254534E-9,0.1671524487042122
1.25,0,35,0.011481676887050223,0,0.08456057036036084
1.25,0,40,0.005195394963658765,0,0.049704651814733256
1.25,0,45,0.0027115478211504262,0,0.03153681098880365
1.25,0,50,0.0015142257276844321,0,0.020994256313421042
1.25,0,55,9.50121951733789E-4,0,0.01469902799512818
1.25,0,60,6.575847839344494E-4,0,0.01063186475980071
1.25,0,65,4.824062612357407E-4,0,0.007826918841786141
1.25,0,70,3.631431736395545E-4,0,0.005812277416235442
1.25,0,75,2.692215277540939E-4,0,0.004271650223559866
1.25,0,80,1.9467539329044554E-4,0,0.0031045477949000217
1.25,0,85,1.3965833769819422E-4,0,0.0022436248806868785
1.25,0,90,9.951196736850598E-5,0,0.0016072510953480466
1.25,0,95,6.978409641508765E-5,0,0.0011324168016132563
1.25,0,100,4.905114133081323E-5,0,7.977404129383723E-4
1.25,0,105,3.4060037709952845E-5,0,5.544507243627257E-4
1.25,0,110,2.33874966217397E-5,0,3.8053581464289035E-4
1.25,0,115,1.6314325927776806E-5,0,2.6492080312797957E-4
1.25,0,120,1.1620709204317015E-5,0,1.883876209430696E-4
1.25,0,125,8.614709909948466E-6,0,1.3957573874103811E-4
1.25,0,130,6.411804865775412E-6,0,1.0394203452982219E-4
1.25,0,135,4.683235716615373E-6,0,7.595921620371527E-5
1.25,0,140,3.39448459624607E-6,0,5.5095946216763674E-5
1.25,0,145,2.4548546598112386E-6,0,3.986119465241826E-5
1.25,0,150,1.768482526616358E-6,0,2.8719984659033726E-5
1.25,0.25,0,0,0,0
1.25,0.25,5,2.6172149070835707E-8,2.80230143576927E-5,4.1454840136215676E-5
1.25,0.25,10,1.4463419350846154E-6,0.004113780215981016,0.003907826789677855
1.25,0.25,15,5.5036865838670475E-5,0.1866186883677999,0.25344647147240235
1.25,0.25,20,0.002957712875073473,0.006104053382933334,0.24173123418497974
1.25,0.25,25,0.00797003297109677,4.1803896506466095E-5,0.048030535733068556
1.25,0.25,30,0.0013084402462897708,7.551051709254534E-9,0.006650998878717275
1.25,0.25,35,1.1791201708813584E-4,0,9.112666276150112E-4
1.25,0.25,40,1.643914519421378E-5,0,1.4969665048220504E-4
1.25,0.25,45,2.05764939142725E-6,0,2.444703959880567E-5
1.25,0.25,50,2.5283293887846733E-7,0,3.8824074734996035E-6
1.25,0.25,55,4.359727186636303E-8,0,7.220147205078845E-7
1.25,0.25,60,8.09140073027828E-9,0,1.3265246861169164E-7
1.25,0.25,65,1.5326726159783985E-9,0,2.4893255753526054E-8
1.25,0.25,70,2.7581480792530795E-10,0,4.476838045168344E-9
1.25,0.25,75,5.188527119378425E-11,0,8.427794430217438E-10
1.25,0.25,80,9.425994748692927E-12,0,1.5306164387933413E-10
1.25,0.25,85,1.7817046411249888E-12,0,2.8926424343319317E-11
1.25,0.25,90,3.163117141359465E-13,0,5.135592011502011E-12
1.25,0.25,95,5.990270535205967E-14,0,9.725835340704121E-13
1.25,0.25,100,1.0283452887301098E-14,0,1.6695989814820122E-13
1.25,0.25,105,1.909172116478697E-15,0,3.0996785116752523E-14
1.25,0.25,110,4.797539042126703E-16,0,7.78917924396633E-15
1.25,0.25,115,1.6187040384702166E-16,0,2.628094698234621E-15
1.25,0.25,120,6.234623332494549E-17,0,1.0122408514690187E-15
1.25,0.25,125,2.734097071601654E-17,0,4.4390251842348136E-16
1.25,0.25,130,1.383772128198954E-17,0,2.246664750331925E-16
1.25,0.25,135,6.5007962733322045E-18,0,1.0554563245236479E-16
1.25,0.25,140,2.9760646586822845E-18,0,4.831879363094508E-17
1.25,0.25,145,1.7371638997126413E-18,0,2.82042479250315E-17
1.25,0.25,150,1.0754763896276962E-18,0,1.7461221213854554E-17
1.25,0.5,0,0,0,0
1.25,0.5,5,3.1874011042797116E-9,2.80230143576927E-5,2.6750930942292143E-5
1.25,0.5,10,1.7909968548288706E-7,0.004113780215981016,0.0031296302109050556
1.25,0.5,15,8.6044452543768E-6,0.1866186883677999,0.197970403720362
1.25,0.5,20,5.141995544880872E-4,0.006104053382933334,0.09436356295883996
1.25,0.5,25,9.541221469334053E-4,4.1803896506466095E-5,0.00570122262112871
1.25,0.5,30,1.0436510443658697E-5,7.551051709254534E-9,1.0668175678346466E-4
1.25,0.5,35,7.35032562016166E-7,0,5.276651927907917E-6
1.25,0.5,40,2.136363404977025E-8,0,2.363763715651932E-7
1.25,0.5,45,7.361008741764576E-10,0,1.0024436785792383E-8
1.25,0.5,50,4.104059501354973E-11,0,5.968208178518882E-10
1.25,0.5,55,2.493288983036659E-12,0,3.8236616582541856E-11
1.25,0.5,60,1.3108500061493082E-13,0,2.100499691816718E-12
1.25,0.5,65,5.45851928946713E-15,0,9.141674291921336E-14
1.25,0.5,70,9.536519862785446E-16,0,1.5259956018691003E-14
1.25,0.5,75,1.3235279952462772E-16,0,2.1293106807996886E-15
1.25,0.5,80,3.266125599748549E-17,0,5.263374935767969E-16
1.25,0.5,85,9.834788664204425E-18,0,1.586907096454294E-16
1.25,0.5,90,2.82708599321097E-18,0,4.566365451191393E-17
1.25,0.5,95,1.7849689655713355E-18,0,2.883830493610411E-17
1.25,0.5,100,1.0423437194344929E-18,0,1.6842593538933733E-17
1.25,0.5,105,2.997184732976523E-19,0,4.8468821417633794E-18
1.25,0.5,110,1.8925025670265666E-19,0,3.0610453968146816E-18
1.25,0.5,115,1.1051837687083E-19,0,1.7877775313222265E-18
1.25,0.5,120,3.178649703900337E-20,0,5.14509665829773E-19
1.25,0.5,125,2.007202245191147E-20,0,3.2494302611192574E-19
1.25,0.5,130,1.1722039347864715E-20,0,1.8978170887663917E-19
1.25,0.5,135,3.372056243817981E-21,0,5.462039164135283E-20
1.25,0.5,140,2.1294298006269754E-21,0,3.449636855453195E-20
1.25,0.5,145,1.2436157536349908E-21,0,2.0147591390493294E-20
1.25,0.5,150,3.578017066430093E-22,0,5.7988142264546E-21
1.25,0.75,0,0,0,0
1.25,0.75,5,7.237710569225234E-10,2.80230143576927E-5,2.4624834765895568E-5
1.25,0.75,10,3.8246417769511964E-8,0.004113780215981016,0.0026878120665540972
1.25,0.75,15,1.763604464608666E-6,0.1866186883677999,0.16122701217920177
1.25,0.75,20,9.799208713990382E-5,0.006104053382933334,0.04380521688823188
1.25,0.75,25,9.627552058146115E-5,4.1803896506466095E-5,0.0014388952774671755
1.25,0.75,30,4.126051821896363E-6,7.551051709254534E-9,1.4188650978315699E-5
1.25,0.75,35,1.2079481899962767E-8,0,1.961362652012969E-7
1.25,0.75,40,2.711128406438552E-10,0,2.1953709906891007E-9
1.25,0.75,45,1.747357809220289E-12,0,1.9687085522597026E-11
1.25,0.75,50,1.527237689329175E-14,0,2.1341827989615687E-13
1.25,0.75,55,1.5933636149827167E-16,0,2.471377397071332E-15
1.25,0.75,60,1.6152077659223534E-17,0,2.398728914182578E-16
1.25,0.75,65,2.806490176317457E-18,0,4.2272003667805696E-17
1.25,0.75,70,5.406736414170587E-19,0,8.229942311099806E-18
1.25,0.75,75,1.379761738012332E-19,0,2.1172707617362434E-18
1.25,0.75,80,5.610555380604292E-20,0,8.627729827163322E-19
1.25,0.75,85,1.5349076321029762E-20,0,2.3787619636684537E-19
1.25,0.75,90,7.172278982862545E-21,0,1.118880022678602E-19
1.25,0.75,95,-1.0045183553046822E-21,0,-1.410019183112544E-20
1.25,0.75,100,-2.9459814604437818E-21,0,-4.4336645582670744E-20
1.25,0.75,105,5.35607070054834E-23,0,1.3025211594191662E-21
1.25,0.75,110,3.053102874454752E-21,0,4.6941687901509083E-20
1.25,0.75,115,3.2276444785801612E-21,0,4.9526890902367873E-20
1.25,0.75,120,1.163598357205319E-21,0,1.7995260081482872E-20
1.25,0.75,125,-9.00447764169523E-22,0,-1.3536370739402183E-20
1.25,0.75,130,-1.2608797942495801E-21,0,-1.910158646241346E-20
1.25,0.75,135,-2.713334762635287E-22,0,-4.0904883722509175E-21
1.25,0.75,140,7.182128417225229E-22,0,1.092060971791163E-20
1.25,0.75,145,8.335988880713412E-22,0,1.2674462946679244E-20
1.25,0.75,150,2.562826108834032E-22,0,3.9230065461447424E-21
1.25,1,0,0,0,0
1.25,1,5,1.768941096328804E-10,2.80230143576927E-5,2.23413901172663E-5
1.25,1,10,8.735921023279181E-9,0.004113780215981016,0.0022828101928016905
1.25,1,15,3.736285010608965E-7,0.1866186883677999,0.13551045710968945
1.25,1,20,1.9357343351725515E-5,0.006104053382933334,0.023538359981659415
1.25,1,25,1.7274287513822027E-5,4.1803896506466095E-5,3.993321434369573E-4
1.25,1,30,7.17301262474064E-7,7.551051709254534E-9,8.600157602034429E-6
1.25,1,35,5.473370382134995E-9,0,2.3241071718055815E-8
1.25,1,40,-8.816971565437339E-12,0,-1.8964453146828423E-11
1.25,1,45,-6.131510232106198E-14,0,-2.4112687519263926E-14
1.25,1,50,-1.7107941220227961E-15,0,2.747451189890777E-15
1.25,1,55,-1.9529309261188017E-16,0,6.005137641443606E-16
1.25,1,60,-3.7148226823490405E-17,0,1.749043482402174E-16
1.25,1,65,-9.656684980649362E-18,0,5.411617240712577E-17
1.25,1,70,-6.892062135154532E-18,0,3.6903850177520565E-17
1.25,1,75,-1.101548757961962E-17,0,4.854411089086945E-17
1.25,1,80,-1.5138913024084706E-17,0,6.018437160421829E-17
1.25,1,85,-1.0584077065758263E-17,0,4.321420924536068E-17
1.25,1,90,-3.611783290639565E-18,0,1.8274191210642567E-17
1.25,1,95,3.360510484479129E-18,0,-6.665826824075515E-18
1.25,1,100,2.32329572483597E-18,0,-5.182409413201199E-18
1.25,1,105,-9.450858684999333E-19,0,3.661645987202335E-18
1.25,1,110,-4.213467461835838E-18,0,1.2505701387605899E-17
1.25,1,115,-2.937899501135153E-18,0,9.117042566450142E-18
1.25,1,120,-3.965473172279724E-19,0,2.320780627234111E-18
1.25,1,125,2.144804866679206E-18,0,-4.4754813119818984E-18
1.25,1,130,1.4922766199249435E-18,0,-3.3414224769520227E-18
1.25,1,135,-4.995416684714163E-20,0,1.7442721588618445E-21
1.25,1,140,-1.5921849536192273E-18,0,3.344911021269742E-18
1.25,1,145,-1.1095106751472575E-18,0,2.473851008402819E-18
1.25,1,150,-6.276920037468174E-20,0,4.2885592321816555E-19
1.5,0,0,0,0,0
1.5,0,5,1.0380257884082353E-7,2.80230143576927E-5,4.289743411312996E-5
1.5,0,10,9.281859512452954E-6,0.004113780215981016,0.0047569637137132295
1.5,0,15,8.480040932986476E-4,0.1866186883677999,0.3451354973289138
1.5,0,20,0.04172872616998326,0.006104053382933334,0.6830775427625984
1.5,0,25,0.0680656468391749,4.1803896506466095E-5,0.28919935031430727
1.5,0,30,0.02092040523437009,7.551051709254534E-9,0.11572570285703063
1.5,0,35,0.007112412284671333,0,0.054264875203363
1.5,0,40,0.0029504272081967787,0,0.030008670780985933
1.5,0,45,0.0015568047808448367,0,0.01897995562503967
1.5,0,50,9.819502491504523E-4,0,0.013022135240284666
1.5,0,55,6.503880578890538E-4,0,0.009047949348251682
1.5,0,60,4.426972637817516E-4,0,0.00632323357870697
1.5,0,65,3.076826627717801E-4,0,0.004437139047454524
1.5,0,70,2.1821887178908567E-4,0,0.0031415227895867813
1.5,0,75,1.5708794304722168E-4,0,0.002247996384635421
1.5,0,80,1.1207531839181657E-4,0,0.0016061951286972318
1.5,0,85,7.859654493895182E-5,0,0.0011343016043998523
1.5,0,90,5.453011490752236E-5,0,7.913196152762228E-4
1.5,0,95,3.783088732304658E-5,0,5.494693254223978E-4
1.5,0,100,2.6514166654721802E-5,0,3.8357311881709284E-4
1.5,0,105,1.9063883117785805E-5,0,2.733813278430929E-4
1.5,0,110,1.407830382723595E-5,0,2.002441670644374E-4
1.5,0,115,1.0593826263009278E-5,0,1.504383904164653E-4
1.5,0,120,8.237244270858251E-6,0,1.1695702603335462E-4
1.5,0,125,6.211630758875679E-6,0,8.881155753025352E-5
1.5,0,130,4.750513063351702E-6,0,6.841067684252523E-5
1.5,0,135,3.4272320842050094E-6,0,4.9614237333715956E-5
1.5,0,140,2.4684456357445644E-6,0,3.579029238646532E-5
1.5,0,145,1.734655050313894E-6,0,2.5177977287339968E-5
1.5,0,150,1.2068893812327305E-6,0,1.748787515938274E-5
1.5,0.25,0,0,0,0
1.5,0.25,5,5.486580151819109E-8,2.80230143576927E-5,3.5003099326438333E-5
1.5,0.25,10,2.6834560462402633E-6,0.004113780215981016,0.003900194488970386
1.5,0.25,15,1.9382039724652225E-4,0.1866186883677999,0.2528611950631548
1.5,0.25,20,0.008341332933467338,0.006104053382933334,0.23671869490417202
1.5,0.25,25,0.008800246224054821,4.1803896506466095E-5,0.04731700467377372
1.5,0.25,30,0.0015721517593277848,7.551051709254534E-9,0.007376070359944997
1.5,0.25,35,1.7880890130961922E-4,0,0.0010470677782692536
1.5,0.25,40,1.3925752186252137E-5,0,1.2589528494652138E-4
1.5,0.25,45,1.7109536067415003E-6,0,1.981614182206669E-5
1.5,0.25,50,2.4268715851480405E-7,0,3.317462902497484E-6
1.5,0.25,55,4.3461627227346084E-8,0,6.218704045767489E-7
1.5,0.25,60,7.333207614029114E-9,0,1.0602070344301259E-7
1.5,0.25,65,1.3399657695692803E-9,0,1.9326016385116998E-8
1.5,0.25,70,2.1843598597252754E-10,0,3.156183089322219E-9
1.5,0.25,75,4.941659229211828E-11,0,7.137098170950718E-10
1.5,0.25,80,8.329685731733576E-12,0,1.2034100942474802E-10
1.5,0.25,85,1.0782540066485171E-12,0,1.557891689513596E-11
1.5,0.25,90,1.5451204235459948E-13,0,2.2323312910277294E-12
1.5,0.25,95,3.1712721817934046E-14,0,4.581726582913007E-13
1.5,0.25,100,8.222131912683072E-15,0,1.1878927625161333E-13
1.5,0.25,105,1.2283440265187448E-15,0,1.7746407635543886E-14
1.5,0.25,110,-2.9561994458116664E-17,0,-4.2711219863463876E-16
1.5,0.25,115,-7.449664467305912E-17,0,-1.0762899818093947E-15
1.5,0.25,120,-3.0495066781594435E-17,0,-4.4057697758890586E-16
1.5,0.25,125,-1.8256613159129204E-17,0,-2.637620734286914E-16
1.5,0.25,130,-7.380281957911904E-18,0,-1.0662641918105922E-16
1.5,0.25,135,-5.167728378237254E-18,0,-7.46606045468066E-17
1.5,0.25,140,-2.9551747985626123E-18,0,-4.269478991255392E-17
1.5,0.25,145,-1.0295146384502286E-18,0,-1.4873862385636776E-17
1.5,0.25,150,-9.286396440457605E-19,0,-1.3416483100920686E-17
1.5,0.5,0,0,0,0
1.5,0.5,5,1.1582536181528602E-8,2.80230143576927E-5,2.6594324321153944E-5
1.5,0.5,10,6.145500606366263E-7,0.004113780215981016,0.0031652004029465767
1.5,0.5,15,3.729047029008883E-5,0.1866186883677999,0.19718726305860484
1.5,0.5,20,0.0018063195019365707,0.006104053382933334,0.09159832961186068
1.5,0.5,25,8.557492810269909E-4,4.1803896506466095E-5,0.005676138845567322
1.5,0.5,30,6.325948848371665E-5,7.551051709254534E-9,3.0691923304069097E-4
1.5,0.5,35,6.136029558493052E-7,0,5.1923126214036885E-6
1.5,0.5,40,1.7921908169260758E-8,0,1.9617363223623122E-7
1.5,0.5,45,9.62027157745006E-10,0,1.2148575393956176E-8
1.5,0.5,50,2.302886233683055E-11,0,3.5072064641811114E-10
1.5,0.5,55,8.595983783250571E-13,0,1.3014156365655155E-11
1.5,0.5,60,1.950971040640379E-14,0,2.681181638363885E-13
1.5,0.5,65,1.55469475144615E-15,0,2.1567278790107423E-14
1.5,0.5,70,2.8088979095812073E-16,0,4.03047949384534E-15
1.5,0.5,75,9.395851712045392E-17,0,1.3548593961985641E-15
1.5,0.5,80,2.818962565545475E-17,0,4.074821657377249E-16
1.5,0.5,85,9.858493959550952E-18,0,1.4256364184375063E-16
1.5,0.5,90,5.377648039452954E-18,0,7.77629945812432E-17
1.5,0.5,95,1.5009200471688423E-18,0,2.1699179347929637E-17
1.5,0.5,100,1.0026490881190421E-18,0,1.449504905068284E-17
1.5,0.5,105,5.043781290692403E-19,0,7.290918753436069E-18
1.5,0.5,110,8.399216437267045E-20,0,1.2129513674128855E-18
1.5,0.5,115,9.916868647114897E-20,0,1.432914952846005E-18
1.5,0.5,120,1.1434520856962747E-19,0,1.652878538279118E-18
1.5,0.5,125,1.2078958906958342E-19,0,1.7464928127796247E-18
1.5,0.5,130,7.840051530427378E-20,0,1.1335137244423586E-18
1.5,0.5,135,3.6011441538964205E-20,0,5.205346361050953E-19
1.5,0.5,140,5.864146055370722E-22,0,8.27253626293875E-21
1.5,0.5,145,4.106984079231648E-21,0,5.925811122295421E-20
1.5,0.5,150,7.627553552926222E-21,0,1.1024368618296952E-19
1.5,0.75,0,0,0,0
1.5,0.75,5,2.7591302533723325E-9,2.80230143576927E-5,2.2600713949579256E-5
1.5,0.75,10,1.8275815815437553E-7,0.004113780215981016,0.002655741773014869
1.5,0.75,15,8.961421037102313E-6,0.1866186883677999,0.16125739362012462
1.5,0.75,20,4.1181322781932235E-4,0.006104053382933334,0.04279427277992014
1.5,0.75,25,1.3096041294971469E-4,4.1803896506466095E-5,0.001073060710154824
1.5,0.75,30,3.7398685788753206E-6,7.551051709254534E-9,2.1802638373433304E-5
1.5,0.75,35,8.173846841141775E-8,0,4.309985059664211E-7
1.5,0.75,40,1.3744008277132005E-10,0,1.7191630191639052E-9
1.5,0.75,45,2.003862805436501E-12,0,2.246486278569604E-11
1.5,0.75,50,2.225971776134615E-14,0,2.846336063230289E-13
1.5,0.75,55,-3.092337548037945E-16,0,-3.568122018985837E-15
1.5,0.75,60,-2.661569997776484E-17,0,-3.232447645102623E-16
1.5,0.75,65,-7.15419622412587E-18,0,-8.811555493284644E-17
1.5,0.75,70,-3.0077614675406685E-18,0,-3.749746116378498E-17
1.5,0.75,75,-1.224943803700992E-18,0,-1.535547985690516E-17
1.5,0.75,80,-3.3838263510539643E-19,0,-4.32385872742839E-18
1.5,0.75,85,-1.9072948926363685E-19,0,-2.452042089557588E-18
1.5,0.75,90,-4.307634342187722E-20,0,-5.802254516867856E-19
1.5,0.75,95,1.0754761136633263E-20,0,1.0932656807298192E-19
1.5,0.75,100,-1.2764601925684502E-20,0,-1.7582543492843073E-19
1.5,0.75,105,-3.628396498800225E-20,0,-4.609774379298423E-19
1.5,0.75,110,-3.6784736400621135E-20,0,-4.634738344365203E-19
1.5,0.75,115,-1.830810331719237E-20,0,-2.3293817324141716E-19
1.5,0.75,120,1.6852976623639827E-22,0,-2.4025120463149117E-21
1.5,0.75,125,5.86342686245543E-21,0,6.962770794804059E-20
1.5,0.75,130,1.0205735314391973E-21,0,1.0979999497959257E-20
1.5,0.75,135,-3.822279799577028E-21,0,-4.766770895212208E-20
1.5,0.75,140,-4.607684402923163E-21,0,-5.697855180738234E-20
1.5,0.75,145,-2.047973592660729E-21,0,-2.5614201792087018E-20
1.5,0.75,150,5.117372176017085E-22,0,5.750148223208279E-21
1.5,1,0,0,0,0
1.5,1,5,8.403278234672659E-10,2.80230143576927E-5,2.146514383453998E-5
1.5,1,10,9.821232936819208E-8,0.004113780215981016,0.0024911242167514323
1.5,1,15,2.547165868188304E-6,0.1866186883677999,0.135373115088439
1.5,1,20,9.625827586921275E-5,0.006104053382933334,0.023202997621269195
1.5,1,25,2.123248730996224E-5,4.1803896506466095E-5,3.016315402117615E-4
1.5,1,30,1.3146365748164672E-7,7.551051709254534E-9,1.1277584938253387E-6
1.5,1,35,7.723494470646926E-10,0,3.442439584606556E-9
1.5,1,40,2.6911894274274666E-12,0,1.8712564897550108E-11
1.5,1,45,3.039590449322011E-14,0,2.669416592031627E-13
1.5,1,50,1.150031076110534E-15,0,1.087323452649391E-14
1.5,1,55,1.286809390998053E-16,0,1.2702750661762536E-15
1.5,1,60,2.6633868177747604E-17,0,2.703195532985871E-16
1.5,1,65,7.902887056002595E-18,0,8.106699220555537E-17
1.5,1,70,1.9709635593422602E-18,0,2.0949474988730708E-17
1.5,1,75,2.072353882902121E-19,0,2.8866232030624987E-18
1.5,1,80,-1.5564927827618358E-18,0,-1.517622858260568E-17
1.5,1,85,-1.1522997132460733E-18,0,-1.1293162421154625E-17
1.5,1,90,-4.209222876967033E-20,0,-2.630956536522649E-19
1.5,1,95,1.0681152557067319E-18,0,1.076697111385009E-17
1.5,1,100,7.884030120296051E-19,0,7.96857843577469E-18
1.5,1,105,5.604362169804441E-20,0,6.667510744727911E-19
1.5,1,110,-6.763157686335168E-19,0,-6.635076286829111E-18
1.5,1,115,-4.998263149277066E-19,0,-4.922455168307352E-18
1.5,1,120,-2.73572966032865E-20,0,-2.741505708006255E-19
1.5,1,125,4.451117217211333E-19,0,4.374154026706103E-18
1.5,1,130,3.287116446507454E-19,0,3.240940971075392E-18
1.5,1,135,2.0537963404278832E-20,0,2.2489438483391954E-19
1.5,1,140,-2.876357178421875E-19,0,-2.7911522014075538E-18
1.5,1,145,-2.1246219784434662E-19,0,-2.0691239463872297E-18
1.5,1,150,-1.2446204352216112E-20,0,-1.297384033128038E-19
